primary_theme,all_themes,n_themes,authors,year,title,venue,doi,citations,subtheme,finding
Phase stability,Phase stability,1,Jeon et al.,2015,Compositional engineering of perovskite materials for high-performance solar cells,Nature,10.1038/nature14133,6390,A-site cation mixing & entropy,"Compositional FA-MA engineering optimizes bandgap and crystallinity, establishing mixed A-site cations as the route to high, stable efficiency."
Phase stability,Phase stability,1,Saliba et al.,2016,"Cesium-containing triple cation perovskite solar cells: improved stability, reproducibility and high efficiency",Energy & Environmental Science,10.1039/c5ee03874j,5376,A-site cation mixing & entropy,"Triple-cation Cs/MA/FA absorbers are more reproducible, thermally stable and phase-robust than double-cation baselines."
Phase stability,Phase stability,1,Eperon et al.,2014,Formamidinium lead trihalide: a broadly tunable perovskite for efficient planar heterojunction solar cells,Energy & Environmental Science,10.1039/c3ee43822h,4080,FAPbI3 black-phase stabilization,Introduces FA lead trihalide with a near-ideal ~1.48 eV gap but flags its room-temperature drift to the photoinactive hexagonal delta phase.
Phase stability,Phase stability; Passivation & additives,2,Saliba et al.,2016,Incorporation of rubidium cations into perovskite solar cells improves photovoltaic performance,Science,10.1126/science.aah5557,3663,A-site cation mixing & entropy,Adding Rb to Cs/MA/FA gives a quadruple-cation absorber with suppressed yellow-phase impurities and improved operational stability.
Phase stability,Phase stability,1,Tsai et al.,2016,High-efficiency two-dimensional Ruddlesden–Popper perovskite solar cells,Nature,10.1038/nature18306,3342,2D / Ruddlesden-Popper phase stabilization,High-efficiency 2D Ruddlesden-Popper cells show layered spacer cations trade some transport for markedly improved moisture/phase stability.
Phase stability,Phase stability,1,Jeong et al.,2021,Pseudo-halide anion engineering for α-FAPbI3 perovskite solar cells,Nature,10.1038/s41586-021-03406-5,3071,FAPbI3 black-phase stabilization,"Pseudo-halide (formate) anion engineering suppresses defects and stabilizes alpha-FAPbI3, delivering certified >25% efficiency."
Phase stability,Phase stability,1,McMeekin et al.,2016,A mixed-cation lead mixed-halide perovskite absorber for tandem solar cells,Science,10.1126/science.aad5845,3030,Mixed-halide alloying & segregation,"Mixed-cation mixed-halide (FA/Cs, I/Br) widens the gap for tandems while Cs/FA entropic mixing suppresses halide segregation and phase instability."
Phase stability,Phase stability,1,Swarnkar et al.,2016,Quantum dot–induced phase stabilization of α-CsPbI <sub>3</sub> perovskite for high-efficiency photovoltaics,Science,10.1126/science.aag2700,2758,CsPbI3 & nanocrystal phase stabilization,"Quantum-dot surface energy kinetically stabilizes cubic alpha-CsPbI3 at room temperature, establishing nanocrystal size as a phase-control lever."
Phase stability,Phase stability; Environmental degradation; Ion migration,3,Hoke et al.,2014,Reversible photo-induced trap formation in mixed-halide hybrid perovskites for photovoltaics,Chemical Science,10.1039/c4sc03141e,2235,Mixed-halide alloying & segregation,Identifies reversible light-induced halide segregation (the Hoke effect) splitting mixed I/Br films into I-rich and Br-rich domains.
Phase stability,Phase stability,1,Li et al.,2015,Stabilizing Perovskite Structures by Tuning Tolerance Factor: Formation of Formamidinium and Cesium Lead Iodide Solid-State Alloys,Chemistry of Materials,10.1021/acs.chemmater.5b04107,2227,Tolerance & octahedral factors,"Shows FA and Cs sit near opposite edges of the tolerance-factor window, so FA-Cs alloying tunes an effective t back into the stable range."
Phase stability,Phase stability; Environmental degradation,2,Conings et al.,2015,Intrinsic Thermal Instability of Methylammonium Lead Trihalide Perovskite,Advanced Energy Materials,10.1002/aenm.201500477,2211,Intrinsic compositional/thermal instability,"Documents intrinsic thermal instability of MAPbI3 below 85 C, motivating the shift to FA/Cs compositions for phase durability."
Phase stability,Phase stability,1,Eperon et al.,2015,Inorganic caesium lead iodide perovskite solar cells,Journal of Materials Chemistry A,10.1039/c5ta06398a,1822,CsPbI3 & nanocrystal phase stabilization,Demonstrates all-inorganic CsPbI3 cells and documents the facile black-to-yellow (alpha->delta) transition that limits inorganic absorbers.
Phase stability,Phase stability; Computational methods,2,Bartel et al.,2019,New tolerance factor to predict the stability of perovskite oxides and halides,Science Advances,10.1126/sciadv.aav0693,1742,Tolerance & octahedral factors,"A data-driven single-parameter tolerance factor tau classifies 576 ABX3 solids at ~92% accuracy, outperforming the classic Goldschmidt t for halides."
Phase stability,Phase stability,1,Kim et al.,2019,Methylammonium Chloride Induces Intermediate Phase Stabilization for Efficient Perovskite Solar Cells,Joule,10.1016/j.joule.2019.06.014,1726,FAPbI3 black-phase stabilization,"Methylammonium chloride works through an intermediate phase that templates oriented, phase-pure alpha-FAPbI3 crystallization."
Phase stability,Phase stability,1,Zhao et al.,2022,Inactive (PbI <sub>2</sub> ) <sub>2</sub> RbCl stabilizes perovskite films for efficient solar cells,Science,10.1126/science.abp8873,1412,A-site cation mixing & entropy,"An inactive (PbI2)2RbCl secondary phase pins the lattice and stabilizes the photoactive perovskite for efficient, stable cells."
Phase stability,Phase stability,1,Yi et al.,2015,Entropic stabilization of mixed A-cation ABX <sub>3</sub> metal halide perovskites for high performance perovskite solar cells,Energy & Environmental Science,10.1039/c5ee03255e,1258,A-site cation mixing & entropy,"Frames mixed A-cation halides as entropically stabilized, giving a thermodynamic rationale for why cation alloys resist phase separation."
Phase stability,Phase stability,1,Min et al.,2019,"Efficient, stable solar cells by using inherent bandgap of α-phase formamidinium lead iodide",Science,10.1126/science.aay7044,1255,FAPbI3 black-phase stabilization,"MDACl2-assisted growth stabilizes phase-pure alpha-FAPbI3 with a near-ideal gap, giving 23.7% cells without Br/Cs bandgap widening."
Phase stability,Phase stability,1,Travis et al.,2016,On the application of the tolerance factor to inorganic and hybrid halide perovskites: a revised system,Chemical Science,10.1039/c5sc04845a,1124,Tolerance & octahedral factors,"Revises the tolerance factor specifically for inorganic and hybrid halides, improving prediction of which ABX3 halides adopt the perovskite structure."
Phase stability,Phase stability,1,Li et al.,2008,"Formability of <i>ABX</i> <sub>3</sub> (<i>X</i> = F, Cl, Br, I) halide perovskites",Acta Crystallographica Section B Structural Science,10.1107/s0108768108032734,1114,Tolerance & octahedral factors,"Maps ABX3 (X=F,Cl,Br,I) halide formability in the tolerance-factor/octahedral-factor plane, showing both geometric factors bound the perovskite-forming region."
Phase stability,Phase stability; Environmental degradation,2,Xu et al.,2020,Triple-halide wide–band gap perovskites with suppressed phase segregation for efficient tandems,Science,10.1126/science.aaz5074,1060,Mixed-halide alloying & segregation,"Triple-halide (Cl-alloyed) wide-bandgap perovskites suppress photoinduced halide segregation, stabilizing 1.67 eV absorbers under illumination."
Phase stability,Phase stability,1,Turren‐Cruz et al.,2018,"Methylammonium-free, high-performance, and stable perovskite solar cells on a planar architecture",Science,10.1126/science.aat3583,1047,A-site cation mixing & entropy,"MA-free Cs/FA compositions retain high efficiency while removing the most thermally labile cation, improving intrinsic stability."
Phase stability,Phase stability,1,Lee et al.,2018,2D perovskite stabilized phase-pure formamidinium perovskite solar cells,Nature Communications,10.1038/s41467-018-05454-4,744,2D / Ruddlesden-Popper phase stabilization,"A thin 2D perovskite layer templates and stabilizes phase-pure 3D formamidinium perovskite, bridging 2D capping with alpha-phase retention."
Phase stability,Phase stability,1,Marronnier et al.,2018,Anharmonicity and Disorder in the Black Phases of Cesium Lead Iodide Used for Stable Inorganic Perovskite Solar Cells,ACS Nano,10.1021/acsnano.8b00267,742,CsPbI3 & nanocrystal phase stabilization,First-principles + scattering study shows anharmonic octahedral tilting underlies the metastability of the CsPbI3 alpha/beta/gamma black polymorphs.
Phase stability,Phase stability,1,Sidhik et al.,2024,"Two-dimensional perovskite templates for durable, efficient formamidinium perovskite solar cells",Science,10.1126/science.abq6993,178,2D / Ruddlesden-Popper phase stabilization,"2D perovskite templates give durable, efficient 3D cells, showing epitaxial 2D layers lock in the black phase under operational stress."
Phase stability,Phase stability,1,Ke et al.,2021,Preserving a robust CsPbI3 perovskite phase via pressure-directed octahedral tilt,Nature Communications,10.1038/s41467-020-20745-5,170,CsPbI3 & nanocrystal phase stabilization,"Pressure-directed octahedral tilting preserves a robust black CsPbI3 phase, linking lattice compression/strain directly to polymorph retention."
Phase stability,Phase stability,1,Garai et al.,2026,Bypassing the yellow phase for extremely stable formamidinium lead iodide perovskite solar cells,Science,10.1126/science.aeb7992,2,FAPbI3 black-phase stabilization,Bypasses the yellow delta-phase intermediate during crystallization to yield extremely stable formamidinium perovskite cells (2026 frontier).
Environmental degradation,Environmental degradation,1,You et al.,2015,Improved air stability of perovskite solar cells via solution-processed metal oxide transport layers,Nature Nanotechnology,10.1038/nnano.2015.230,2105,Contact/interface engineering for ambient stability,"Metal-oxide charge-transport layers markedly improve air stability of perovskite cells, implicating interfaces/contacts in environmental degradation."
Environmental degradation,Environmental degradation,1,Leijtens et al.,2013,Overcoming ultraviolet light instability of sensitized TiO2 with meso-superstructured organometal tri-halide perovskite solar cells,Nature Communications,10.1038/ncomms3885,1839,UV-induced degradation & photocatalysis,UV illumination of TiO2 electron-transport layers triggers photocatalytic degradation; replacing/insulating TiO2 mitigates UV instability.
Environmental degradation,Environmental degradation; Device stability,2,Khenkin et al.,2020,Consensus statement for stability assessment and reporting for perovskite photovoltaics based on ISOS procedures,Nature Energy,10.1038/s41560-019-0529-5,1739,Synthesis: reporting standards & synergy,"ISOS consensus protocols standardize how moisture, thermal, light and operational stress tests are run and reported for perovskite devices."
Environmental degradation,Environmental degradation,1,Lee et al.,2015,Formamidinium and Cesium Hybridization for Photo‐ and Moisture‐Stable Perovskite Solar Cell,Advanced Energy Materials,10.1002/aenm.201501310,1648,Compositional route to intrinsic stability,"FA/Cs cation mixing yields perovskites with improved photo- and moisture-stability versus MA-based analogues, a compositional route to durability."
Environmental degradation,Environmental degradation,1,Christians et al.,2015,Transformation of the Excited State and Photovoltaic Efficiency of CH3NH3PbI3 Perovskite upon Controlled Exposure to Humidified Air,Journal of the American Chemical Society,10.1021/ja511132a,1349,Moisture ingress & hydrate intermediates,Moderate humidified air can transiently boost then degrade MAPbI3 performance; water intercalation is initially reversible before hydrate/PbI2 formation.
Environmental degradation,Environmental degradation,1,Leguy et al.,2015,"Reversible Hydration of CH3NH3PbI3 in Films, Single Crystals, and Solar Cells",Chemistry of Materials,10.1021/acs.chemmater.5b00660,1342,Moisture ingress & hydrate intermediates,MAPbI3 reversibly forms mono- then dihydrate on humidity exposure; prolonged water drives irreversible decomposition to PbI2.
Environmental degradation,Environmental degradation,1,Yang et al.,2015,Investigation of CH3NH3PbI3 Degradation Rates and Mechanisms in Controlled Humidity Environments Using in Situ Techniques,ACS Nano,10.1021/nn506864k,1336,Moisture ingress & hydrate intermediates,"Direct real-time imaging of MAPbI3 hydrate formation and PbI2 conversion, resolving humidity-dependent degradation rates and pathways."
Environmental degradation,Environmental degradation,1,Aristidou et al.,2017,Fast oxygen diffusion and iodide defects mediate oxygen-induced degradation of perovskite solar cells,Nature Communications,10.1038/ncomms15218,1276,Photo-oxidation & superoxide,"Iodide vacancies mediate fast O2 diffusion and superoxide formation; defect density controls photo-oxidation rate, linking defects to environmental attack."
Environmental degradation,Environmental degradation,1,Bryant et al.,2016,Light and oxygen induced degradation limits the operational stability of methylammonium lead triiodide perovskite solar cells,Energy & Environmental Science,10.1039/c6ee00409a,1013,Photo-oxidation & superoxide,Combined light + O2 (not moisture alone) limits operational MAPbI3 device stability; superoxide-driven decomposition dominates in air under illumination.
Environmental degradation,Environmental degradation,1,Aristidou et al.,2015,The Role of Oxygen in the Degradation of Methylammonium Lead Trihalide Perovskite Photoactive Layers,Angewandte Chemie International Edition,10.1002/anie.201503153,957,Photo-oxidation & superoxide,Molecular O2 plus light generates superoxide that deprotonates MA+ and decomposes MAPbI3; establishes photo-oxidation as a distinct O2-driven channel.
Environmental degradation,Environmental degradation,1,Wang et al.,2016,Scaling behavior of moisture-induced grain degradation in polycrystalline hybrid perovskite thin films,Energy & Environmental Science,10.1039/c6ee02941h,880,Moisture ingress & hydrate intermediates,"Moisture-induced degradation nucleates at grain boundaries and scales with grain-boundary density, identifying microstructure as a moisture-stability lever."
Environmental degradation,Environmental degradation,1,Bischak et al.,2017,Origin of Reversible Photoinduced Phase Separation in Hybrid Perovskites,Nano Letters,10.1021/acs.nanolett.6b04453,725,Photoinduced halide segregation (Hoke effect),"Polaron-strain model for reversible photoinduced phase separation: carrier-lattice coupling drives halide demixing, explaining reversibility."
Environmental degradation,Environmental degradation,1,Juárez‐Pérez et al.,2018,Photodecomposition and thermal decomposition in methylammonium halide lead perovskites and inferred design principles to increase photovoltaic device stability,Journal of Materials Chemistry A,10.1039/c8ta03501f,618,Thermal decomposition & cation volatilization,"Distinguishes thermal from photochemical decomposition of MA perovskites; identifies gaseous products (CH3NH2, HI vs. NH3, CH3I) diagnostic of each route."
Environmental degradation,Environmental degradation,1,Draguta et al.,2017,Rationalizing the light-induced phase separation of mixed halide organic–inorganic perovskites,Nature Communications,10.1038/s41467-017-00284-2,546,Photoinduced halide segregation (Hoke effect),Photoinduced halide segregation is governed by carrier density/thermodynamics; illumination intensity and composition set the segregation threshold.
Environmental degradation,Environmental degradation,1,Juárez‐Pérez et al.,2019,Thermal degradation of formamidinium based lead halide perovskites into sym -triazine and hydrogen cyanide observed by coupled thermogravimetry-mass spectrometry analysis,Journal of Materials Chemistry A,10.1039/c9ta06058h,282,Thermal decomposition & cation volatilization,"FA-based perovskites thermally decompose via sym-triazine and other volatile products, showing FA is not immune to cation-loss pathways."
Environmental degradation,Environmental degradation,1,Kerner et al.,2021,The role of halide oxidation in perovskite halide phase separation,Joule,10.1016/j.joule.2021.07.011,214,Photoinduced halide segregation (Hoke effect),"Halide (iodide) oxidation to I2/I3- is a chemical driver of light-induced phase separation, coupling redox chemistry to segregation."
Environmental degradation,Environmental degradation,1,Siegler et al.,2022,Water-Accelerated Photooxidation of CH3NH3PbI3 Perovskite,Journal of the American Chemical Society,10.1021/jacs.2c00391,87,Photo-oxidation & superoxide,"Trace water dramatically accelerates photo-oxidation of MAPbI3, revealing a light+O2+H2O synergy beyond either agent alone."
Ion migration,Ion migration; Computational methods,2,Eames et al.,2015,Ionic transport in hybrid lead iodide perovskite solar cells,Nature Communications,10.1038/ncomms8497,2814,Vacancy-mediated mechanism,"DFT+experiment establish iodide vacancy migration (~0.58 eV) as the dominant transport channel in MAPbI3, seeding the field's mechanistic picture."
Ion migration,Ion migration,1,Snaith et al.,2014,Anomalous Hysteresis in Perovskite Solar Cells,The Journal of Physical Chemistry Letters,10.1021/jz500113x,2448,Hysteresis signature,Identifies anomalous J-V hysteresis in perovskite cells and proposes slow ionic/defect processes as a leading cause.
Ion migration,Ion migration,1,Yuan et al.,2016,Ion Migration in Organometal Trihalide Perovskite and Its Impact on Photovoltaic Efficiency and Stability,Accounts of Chemical Research,10.1021/acs.accounts.5b00420,1811,Hysteresis signature,"Review synthesizing evidence that mobile ions drive hysteresis, switchable photovoltaics, and giant dielectric response."
Ion migration,Ion migration,1,Azpiroz et al.,2015,Defect migration in methylammonium lead iodide and its role in perovskite solar cell operation,Energy & Environmental Science,10.1039/c5ee01265a,1616,Vacancy-mediated mechanism,First-principles defect migration in MAPbI3 finds iodide the most mobile species and links its motion to hysteresis.
Ion migration,Ion migration,1,Shao et al.,2016,Grain boundary dominated ion migration in polycrystalline organic–inorganic halide perovskite films,Energy & Environmental Science,10.1039/c6ee00413j,1205,Grain boundary vs bulk,"Direct imaging shows ion migration is dominated by grain boundaries in polycrystalline films, far faster than through bulk grains."
Ion migration,Ion migration; Passivation & additives,2,Li et al.,2019,Cation and anion immobilization through chemical bonding enhancement with fluorides for stable halide perovskite solar cells,Nature Energy,10.1038/s41560-019-0382-6,1165,Immobilization strategies,Cation and anion immobilization via chemical-bond enhancement suppresses migration and boosts operational stability.
Ion migration,Ion migration,1,Haruyama et al.,2015,First-Principles Study of Ion Diffusion in Perovskite Solar Cell Sensitizers,Journal of the American Chemical Society,10.1021/jacs.5b03615,723,Vacancy-mediated mechanism,First-principles ion-diffusion study confirms the iodide vacancy as lowest-barrier migrating defect and maps concerted pathways.
Ion migration,Ion migration,1,Domanski et al.,2017,Migration of cations induces reversible performance losses over day/night cycling in perovskite solar cells,Energy & Environmental Science,10.1039/c6ee03352k,710,Long-timescale consequences,"Distinguishes fast reversible from slow cation-migration-induced performance losses over hours of operation, an interfacial-accumulation signature."
Ion migration,Ion migration,1,Meggiolaro et al.,2018,Iodine chemistry determines the defect tolerance of lead-halide perovskites,Energy & Environmental Science,10.1039/c8ee00124c,645,Point-defect chemistry & tolerance,"Iodine redox chemistry (I-rich vs I-poor) governs which deep vs shallow defects form, explaining perovskite defect tolerance."
Ion migration,Ion migration,1,Walsh et al.,2014,Self‐Regulation Mechanism for Charged Point Defects in Hybrid Halide Perovskites,Angewandte Chemie International Edition,10.1002/anie.201409740,611,Point-defect chemistry & tolerance,Self-regulation of charged point defects keeps Fermi level pinned and native defects mostly shallow — the basis of defect tolerance.
Ion migration,Ion migration; Passivation & additives,2,Lee et al.,2022,Rethinking the A cation in halide perovskites,Science,10.1126/science.abj1186,541,A-site pinning cations,"Rethinking the A-cation: bulky guanidinium-type cations raise the iodide-migration barrier, the 'pinning' concept central to the project."
Ion migration,Ion migration,1,Zhang et al.,2019,Phase segregation due to ion migration in all-inorganic mixed-halide perovskite nanocrystals,Nature Communications,10.1038/s41467-019-09047-7,433,Halide segregation,"Demonstrates ion-migration-driven phase segregation in all-inorganic mixed-halide CsPb(I/Br)3, linking it to vacancy motion."
Ion migration,Ion migration,1,Futscher et al.,2019,Quantification of ion migration in CH 3 NH 3 PbI 3 perovskite solar cells by transient capacitance measurements,Materials Horizons,10.1039/c9mh00445a,400,Quantification of migration,"Transient ion-drift measurements quantify densities and activation energies of migrating species, separating cation from anion motion."
Ion migration,Ion migration; Passivation & additives,2,Zhao et al.,2022,Suppressing ion migration in metal halide perovskite via interstitial doping with a trace amount of multivalent cations,Nature Materials,10.1038/s41563-022-01390-3,269,Immobilization strategies,"Interstitial doping immobilizes mobile halides, raising migration barriers and suppressing ion transport (project anchor)."
Ion migration,Ion migration,1,Huang et al.,2017,Intrinsic Point Defects in Inorganic Cesium Lead Iodide Perovskite CsPbI3,The Journal of Physical Chemistry C,10.1021/acs.jpcc.7b10045,206,Point-defect chemistry & tolerance,Intrinsic point-defect calculations in inorganic CsPbI3 identify dominant vacancies/interstitials and their charge states — directly the project's system.
Ion migration,Ion migration,1,Ghasemi et al.,2023,A multiscale ion diffusion framework sheds light on the diffusion–stability–hysteresis nexus in metal halide perovskites,Nature Materials,10.1038/s41563-023-01488-2,129,Grain boundary vs bulk,"Multiscale framework reconciles wide barrier scatter by showing grain boundaries and morphology set effective diffusion, not single-crystal barriers."
Ion migration,Ion migration,1,Samatov et al.,2024,Ion Migration at Metal Halide Perovskite Grain Boundaries Elucidated with a Machine Learning Force Field,The Journal of Physical Chemistry Letters,10.1021/acs.jpclett.4c03332,32,MLIP / force-field studies,Machine-learning force field resolves ion migration at perovskite grain boundaries with near-DFT accuracy at MD length/time scales.
Ion migration,Ion migration; Computational methods,2,Tyagi et al.,2025,Tracing Ion Migration in Halide Perovskites with Machine Learned Force Fields,The Journal of Physical Chemistry Letters,10.1021/acs.jpclett.5c01139,18,MLIP / force-field studies,Machine-learned force field traces ion-migration trajectories and barrier distributions in halide perovskites across charge states.
Ion migration,Ion migration,1,Thiesbrummel et al.,2026,Ion migration in perovskite solar cells,Nature Reviews Chemistry,10.1038/s41570-025-00790-8,15,Synthesis / review,"Recent review consolidating ion-migration mechanisms, measurement, and mitigation in perovskite solar cells."
Ion migration,Ion migration,1,Arber et al.,2025,Ion Migration and Dopant Effects in the Gamma-CsPbI3 Perovskite Photovoltaic Material: Atomistic Insights through Ab Initio and Machine Learning Methods,Chemistry of Materials,10.1021/acs.chemmater.5c00503,9,MLIP / force-field studies,MLIP-driven NEB quantifies dopant effects on iodide-vacancy migration in gamma-CsPbI3 — the project's exact methodology and system.
Ion migration,Ion migration,1,Tyagi et al.,2026,A Unified microscopic picture of cation and anion migration in MAPbI$_3$,arXiv (preprint),arxiv:2605.02685,0,MLIP / force-field studies,"Unified MLIP picture of both cation and anion migration in MAPbI3, extending force-field migration studies to full ion inventory."
Strain engineering,Strain engineering,1,Kim et al.,2020,Impact of strain relaxation on performance of α-formamidinium lead iodide perovskite solar cells,Science,10.1126/science.abc4417,1332,phase-stability,"Relaxing residual strain in α-FAPbI₃ suppresses the transition to the photoinactive δ-phase, stabilizing the black perovskite and boosting device performance."
Strain engineering,Strain engineering,1,Zhu et al.,2019,Strain engineering in perovskite solar cells and its impacts on carrier dynamics,Nature Communications,10.1038/s41467-019-08507-4,1021,tensile-defects,"Depth-dependent GIXRD reveals a gradient of in-plane residual strain; strain-induced band bending (DFT) governs carrier dynamics, and controlled strain modulation yields 20.7% certified PCE."
Strain engineering,Strain engineering,1,Zhao et al.,2017,Strained hybrid perovskite thin films and their impact on the intrinsic stability of perovskite solar cells,Science Advances,10.1126/sciadv.aao5616,951,origins,"Landmark demonstration that MAPbI₃ films are residually strained relative to substrates from thermal-expansion mismatch during annealing, degrading intrinsic stability."
Strain engineering,Strain engineering,1,Prasanna et al.,2017,Band Gap Tuning via Lattice Contraction and Octahedral Tilting in Perovskite Materials for Photovoltaics,Journal of the American Chemical Society,10.1021/jacs.7b04981,878,phase-stability,"Lattice contraction and octahedral tilting (via A/B-cation size) tune bandgap and phase behaviour, establishing the composition→lattice→property link underpinning strain design."
Strain engineering,Strain engineering,1,Tsai et al.,2018,Light-induced lattice expansion leads to high-efficiency perovskite solar cells,Science,10.1126/science.aap8671,761,origins,"Light-soaking drives a reversible ~0.1–0.3% lattice expansion that relaxes local strain at grain boundaries/interfaces, uniformly raising efficiency across architectures."
Strain engineering,Strain engineering,1,Chen et al.,2020,Strain engineering and epitaxial stabilization of halide perovskites,Nature,10.1038/s41586-019-1868-x,703,ctl-substrate-regulation,Epitaxial growth on lattice-mismatched single-crystal substrates imposes controllable compressive/tensile strain and stabilizes otherwise-metastable halide-perovskite phases.
Strain engineering,Strain engineering,1,Xue et al.,2020,Regulating strain in perovskite thin films through charge-transport layers,Nature Communications,10.1038/s41467-020-15338-1,655,ctl-substrate-regulation,"Compressive strain injected from a high-thermal-expansion HTL compensates residual tensile strain, raising the ion-migration activation energy; 16.4% wide-bandgap cell keeps 96% after 85 °C/1000 h."
Strain engineering,Strain engineering,1,Liu et al.,2021,Strain analysis and engineering in halide perovskite photovoltaics,Nature Materials,10.1038/s41563-021-01097-x,510,review,"Reference review defining strain analysis (GIWAXS, XRD sin²ψ, Williamson–Hall) and engineering routes; frames residual strain as an intrinsic, encapsulation-immune instability channel."
Strain engineering,Strain engineering,1,Jones et al.,2019,Lattice strain causes non-radiative losses in halide perovskites,Energy & Environmental Science,10.1039/c8ee02751j,495,tensile-defects,"Spatially-resolved strain patterns across films correlate with shortened carrier lifetimes, directly tying local lattice strain to non-radiative recombination losses."
Strain engineering,Strain engineering,1,Wang et al.,2019,Interfacial Residual Stress Relaxation in Perovskite Solar Cells with Improved Stability,Advanced Materials,10.1002/adma.201904408,483,origins,"Interfacial residual tensile stress relaxed by a strain-releasing interlayer, improving both efficiency and operational/thermal stability of the device stack."
Strain engineering,Strain engineering,1,Jiang et al.,2022,Synergistic strain engineering of perovskite single crystals for highly stable and sensitive X-ray detectors with low-bias imaging and monitoring,Nature Photonics,10.1038/s41566-022-01024-9,393,operational-reverse-bias,"Synergistic strain engineering in perovskite single crystals reduces defect density and enhances stability, extending strain control beyond polycrystalline films."
Strain engineering,Strain engineering,1,Yang et al.,2022,Strain effects on halide perovskite solar cells,Chemical Society Reviews,10.1039/d2cs00278g,326,review,"Comprehensive review linking tensile/compressive strain to ion migration, defect formation, halide segregation and phase stability across the strain-effect landscape."
Strain engineering,Strain engineering,1,Wu et al.,2021,"Strain in perovskite solar cells: origins, impacts and regulation",National Science Review,10.1093/nsr/nwab047,275,review,"Review establishing that residual tensile strain — unlike moisture/heat — cannot be countered by encapsulation, and surveys origins, characterization and regulation."
Strain engineering,Strain engineering,1,Zhang et al.,2022,Elimination of Interfacial Lattice Mismatch and Detrimental Reaction by Self‐Assembled Layer Dual‐Passivation for Efficient and Stable Inverted Perovskite Solar Cells,Advanced Energy Materials,10.1002/aenm.202103674,204,buried-interface,"Eliminating interfacial lattice mismatch removes a strain source and a detrimental interfacial reaction, improving stability of the perovskite/charge-transport junction."
Strain engineering,Strain engineering,1,Meng et al.,2022,Revealing the strain-associated physical mechanisms impacting the performance and stability of perovskite solar cells,Joule,10.1016/j.joule.2022.01.011,198,compressive-migration-segregation,"Resolves the microscopic mechanisms by which residual strain degrades performance, connecting lattice distortion to defect populations and transport."
Strain engineering,Strain engineering,1,Zhou et al.,2022,Revealing Steric‐Hindrance‐Dependent Buried Interface Defect Passivation Mechanism in Efficient and Stable Perovskite Solar Cells with Mitigated Tensile Stress,Advanced Functional Materials,10.1002/adfm.202205507,195,buried-interface,Steric-hindrance-tuned molecular passivation at the buried interface simultaneously relieves interfacial lattice strain and passivates defects.
Strain engineering,Strain engineering,1,Muscarella et al.,2020,Lattice Compression Increases the Activation Barrier for Phase Segregation in Mixed-Halide Perovskites,ACS Energy Letters,10.1021/acsenergylett.0c01474,153,compressive-migration-segregation,Hydrostatic lattice compression raises the activation barrier for photoinduced halide segregation in mixed-halide films — direct evidence that compressive strain suppresses phase separation.
Strain engineering,Strain engineering,1,Shen et al.,2024,Strain regulation retards natural operation decay of perovskite solar cells,Nature,10.1038/s41586-024-08161-x,151,operational-reverse-bias,"Under day/night cycling, periodic thermal strain (absent in continuous-mode tests) drives trap accumulation and chemical decay; phenylselenenyl chloride regulates strain for 26.3% certified PCE and 10× T80 improvement."
Strain engineering,Strain engineering,1,Moloney et al.,2020,Strain Engineering in Halide Perovskites,ACS Materials Letters,10.1021/acsmaterialslett.0c00308,137,review,"Early framing review cataloguing strain sources (thermal-mismatch, lattice-mismatch, composition) and their coupling to optoelectronic and stability properties."
Strain engineering,Strain engineering,1,Wang et al.,2022,Strain Modulation for Light‐Stable n–i–p Perovskite/Silicon Tandem Solar Cells,Advanced Materials,10.1002/adma.202201315,137,ctl-substrate-regulation,"Strain modulation produces light-stable n–i–p perovskite/silicon tandem sub-cells, mitigating photoinduced strain-driven degradation in wide-bandgap tops."
Strain engineering,Strain engineering,1,Zhang et al.,2022,Strain Control to Stabilize Perovskite Solar Cells,Angewandte Chemie International Edition,10.1002/anie.202212268,115,compressive-migration-segregation,Demonstrates strain control as a general handle to stabilize perovskite solar cells against operational stressors.
Strain engineering,Strain engineering,1,Muscarella et al.,2022,The influence of strain on phase stability in mixed-halide perovskites,Joule,10.1016/j.joule.2022.07.005,100,compressive-migration-segregation,"Systematic study showing applied strain shifts the thermodynamics/kinetics of halide phase separation in mixed-halide perovskites, coupling strain state to compositional stability."
Strain engineering,Strain engineering; Device stability,2,Du et al.,2026,Taming Lattice Strain via Buried Interface Engineering for Reverse-Bias Resilient Perovskite Solar Cells,Nano-Micro Letters,10.1007/s40820-026-02244-2,0,buried-interface,"Identifies the buried HTL/perovskite interface as the principal strain-accumulation site; a fluorinated anchor (3F-2TC) relieves strain (GIWAXS-confirmed), giving 26.10% PCE and 91.58% retention after 200 h at −1.0 V reverse bias."
Passivation & additives,Passivation & additives,1,Jiang et al.,2019,Surface passivation of perovskite film for efficient solar cells,Nature Photonics,10.1038/s41566-019-0398-2,4695,Lewis-base & molecular surface passivation,"PEAI surface treatment on FA-rich films passivates surface defects, boosting Voc and certified efficiency while improving ambient stability — the canonical ammonium-halide surface passivation."
Passivation & additives,Passivation & additives,1,Grancini et al.,2017,One-Year stable perovskite solar cells by 2D/3D interface engineering,Nature Communications,10.1038/ncomms15684,2040,2D capping & 2D/3D interfaces,Seminal 2D/3D interface engineering with aminovaleric-acid template yields one-year-stable devices; the 2D layer acts as a moisture-tolerant protective capping.
Passivation & additives,Passivation & additives,1,Chen et al.,2019,Imperfections and their passivation in halide perovskite solar cells,Chemical Society Reviews,10.1039/c8cs00853a,1918,Reviews & framing,Foundational review classifying perovskite defects and their passivation; frames undercoordinated Pb/I and halide vacancies as the dominant non-radiative and instability centers.
Passivation & additives,Passivation & additives,1,Abdi-Jalebi et al.,2018,Maximizing and stabilizing luminescence from halide perovskites with potassium passivation,Nature,10.1038/nature25989,1703,Alkali-halide additives (K/Rb),"Potassium passivation immobilizes excess halides at grain boundaries/surfaces, eliminating halide-vacancy-mediated hysteresis and stabilizing luminescence — a mechanistic keystone."
Passivation & additives,Passivation & additives,1,Wang et al.,2019,Constructive molecular configurations for surface-defect passivation of perovskite photovoltaics,Science,10.1126/science.aay9698,1305,Lewis-base & molecular surface passivation,Theophylline/caffeine/theobromine passivators: an optimal molecular configuration (carbonyl + amine H-bond donors) maximizes binding to undercoordinated Pb and defect passivation.
Passivation & additives,Passivation & additives,1,Zheng et al.,2020,Managing grains and interfaces via ligand anchoring enables 22.3%-efficiency inverted perovskite solar cells,Nature Energy,10.1038/s41560-019-0538-4,1238,Grain & interface ligand anchoring,"Long-chain ligand anchoring manages grains and interfaces, passivating boundary defects to reach 22.3% with improved stability."
Passivation & additives,Passivation & additives,1,Son et al.,2018,Universal Approach toward Hysteresis-Free Perovskite Solar Cell via Defect Engineering,Journal of the American Chemical Society,10.1021/jacs.7b10430,886,Alkali-halide additives (K/Rb),"KI addition gives hysteresis-free devices by having K+/I- fill halide vacancies and immobilize mobile iodide, improving operational stability."
Passivation & additives,Passivation & additives,1,Li et al.,2023,Rational design of Lewis base molecules for stable and efficient inverted perovskite solar cells,Science,10.1126/science.ade3970,635,Lewis-base & molecular surface passivation,Rational design of Lewis-base molecules for inverted cells; tuning donor atom and steric profile optimizes defect binding for simultaneously high efficiency and stability.
Passivation & additives,Passivation & additives,1,Sidhik et al.,2022,Deterministic fabrication of 3D/2D perovskite bilayer stacks for durable and efficient solar cells,Science,10.1126/science.abq7652,531,2D capping & 2D/3D interfaces,"Deterministically grown 3D/2D bilayer stacks provide durable operation under heat, light and bias by stabilizing the 3D surface with an epitaxial 2D cap."
Passivation & additives,Passivation & additives,1,Jodlowski et al.,2017,Large guanidinium cation mixed with methylammonium in lead iodide perovskites for 19% efficient solar cells,Nature Energy,10.1038/s41560-017-0054-3,526,A-site pinning cations (guanidinium),"Seminal guanidinium incorporation into MAPbI3: GA+ H-bonds to the iodide cage, raising carrier lifetimes and materially improving thermal/operational stability."
Passivation & additives,Passivation & additives; Device stability,2,Park et al.,2023,Engineering ligand reactivity enables high-temperature operation of stable perovskite solar cells,Science,10.1126/science.adi4107,464,Ligand reactivity & operation,"Engineering ligand reactivity yields surface layers stable at high temperature, enabling durable operation under thermal stress."
Passivation & additives,Passivation & additives,1,Zhang et al.,2023,Tailoring passivators for highly efficient and stable perovskite solar cells,Nature Reviews Chemistry,10.1038/s41570-023-00510-0,373,Reviews & framing,"Recent review systematizing passivator design rules (Lewis base/acid, ionic, multifunctional) linking molecular structure to both efficiency and operational stability."
Passivation & additives,Passivation & additives,1,Alharbi et al.,2019,Atomic-level passivation mechanism of ammonium salts enabling highly efficient perovskite solar cells,Nature Communications,10.1038/s41467-019-10985-5,360,Lewis-base & molecular surface passivation,"Combined experiment/DFT shows ammonium salts passivate via hydrogen bonding of NH-groups to surface halides, suppressing halide-vacancy states and improving stability."
Passivation & additives,Passivation & additives,1,Cao et al.,2018,Interstitial Occupancy by Extrinsic Alkali Cations in Perovskites and Its Impact on Ion Migration,Advanced Materials,10.1002/adma.201707350,356,Alkali-halide additives (K/Rb),"Extrinsic alkali cations (K/Rb) occupy interstitial sites rather than A-sites, explaining their defect-immobilizing action and stabilization of the lattice."
Passivation & additives,Passivation & additives,1,Gharibzadeh et al.,2021,Two birds with one stone: dual grain-boundary and interface passivation enables &gt;22% efficient inverted methylammonium-free perovskite solar cells,Energy & Environmental Science,10.1039/d1ee01508g,286,Grain & interface ligand anchoring,"Dual grain-boundary and interface passivation ('two birds, one stone') with a single additive suppresses recombination and improves wide-bandgap-cell stability."
Passivation & additives,Passivation & additives,1,Ding et al.,2024,Dopant-additive synergism enhances perovskite solar modules,Nature,10.1038/s41586-024-07228-z,283,Dopant/additive synergy & modules,"Dopant-additive synergism translates to perovskite solar modules with enhanced stability, showing molecular passivation scales beyond small cells."
Passivation & additives,Passivation & additives,1,Wang et al.,2023,Ammonium cations with high pKa in perovskite solar cells for improved high-temperature photostability,Nature Energy,10.1038/s41560-023-01362-0,240,Ammonium-salt additives,"High-pKa ammonium cations resist deprotonation, giving more robust surface passivation and markedly improved operational and thermal stability in inverted cells."
Passivation & additives,Passivation & additives,1,Metcalf et al.,2023,"Synergy of 3D and 2D Perovskites for Durable, Efficient Solar Cells and Beyond",Chemical Reviews,10.1021/acs.chemrev.3c00214,231,2D capping & 2D/3D interfaces,Chemical Reviews synthesis of how 3D+2D synergy delivers durability: the 2D capping suppresses ion migration and moisture ingress while passivating the surface.
Passivation & additives,Passivation & additives,1,Hartono et al.,2020,How machine learning can help select capping layers to suppress perovskite degradation,Nature Communications,10.1038/s41467-020-17945-4,178,2D capping & 2D/3D interfaces,Data-driven screening of A-site cations for capping layers identifies molecular descriptors that predict which capping molecules best suppress degradation.
Passivation & additives,Passivation & additives,1,Li et al.,2022,Inhibiting Ion Migration by Guanidinium Cation Doping for Efficient Perovskite Solar Cells with Enhanced Operational Stability,Solar RRL,10.1002/solr.202200003,14,A-site pinning cations (guanidinium),"Guanidinium doping directly suppresses ion migration (higher activation energy) via strong hydrogen bonding, reducing hysteresis and improving stability."
Device stability,Device stability,1,Al‐Ashouri et al.,2020,Monolithic perovskite/silicon tandem solar cell with &gt;29% efficiency by enhanced hole extraction,Science,10.1126/science.abd4016,2024,SAM hole-selective contacts,2PACz-family self-assembled-monolayer hole contacts enable >29% inverted tandems and became the standard stable p-i-n contact.
Device stability,Device stability,1,Boyd et al.,2018,Understanding Degradation Mechanisms and Improving Stability of Perovskite Photovoltaics,Chemical Reviews,10.1021/acs.chemrev.8b00336,1740,Degradation mechanisms,Comprehensive mechanistic review connecting intrinsic/extrinsic degradation pathways to concrete device stabilization strategies.
Device stability,Device stability,1,Chen et al.,2024,Improved charge extraction in inverted perovskite solar cells with dual-site-binding ligands,Science,10.1126/science.adm9474,1301,Inverted p-i-n stability,Dual-site-binding ligands improve charge extraction and operational stability of inverted cells.
Device stability,Device stability,1,Domanski et al.,2016,Not All That Glitters Is Gold: Metal-Migration-Induced Degradation in Perovskite Solar Cells,ACS Nano,10.1021/acsnano.6b02613,1225,Electrode/contact degradation,"Gold electrode migrates through the HTL into the absorber under thermal stress, causing irreversible metal-migration degradation."
Device stability,Device stability,1,Christians et al.,2018,"Tailored interfaces of unencapsulated perovskite solar cells for &gt;1,000 hour operational stability",Nature Energy,10.1038/s41560-017-0067-y,825,Interface engineering / long-life,"Tailored transport-layer interfaces sustain >1,000 h operation in unencapsulated cells, isolating interfacial degradation as decisive."
Device stability,Device stability,1,Azmi et al.,2022,Damp heat–stable perovskite solar cells with tailored-dimensionality 2D/3D heterojunctions,Science,10.1126/science.abm5784,819,Damp-heat stability,Tailored-dimensionality 2D/3D heterojunctions yield damp-heat-stable cells passing the IEC 61215:2016 damp-heat test.
Device stability,Device stability,1,Li et al.,2023,Stabilized hole-selective layer for high-performance inverted p-i-n perovskite solar cells,Science,10.1126/science.ade9637,780,Inverted p-i-n stability,"Stabilized hole-selective layer delivers high-performance, operationally stable inverted p-i-n cells."
Device stability,Device stability,1,Zhu et al.,2023,Long-term operating stability in perovskite photovoltaics,Nature Reviews Materials,10.1038/s41578-023-00582-w,700,Operational stability review,Review separating intrinsic operational (light+bias) degradation from shelf/thermal stability and mapping dominant MPP-operation loss channels.
Device stability,Device stability,1,Rombach et al.,2021,Lessons learned from spiro-OMeTAD and PTAA in perovskite solar cells,Energy & Environmental Science,10.1039/d1ee02095a,699,Charge-transport-layer degradation,Ionic dopants/additives in spiro-OMeTAD and PTAA drive instability; guides design of durable organic hole contacts.
Device stability,Device stability,1,Li et al.,2020,Towards commercialization: the operational stability of perovskite solar cells,Chemical Society Reviews,10.1039/d0cs00573h,626,Operational stability review,Frames operational stability as the commercialization bottleneck; catalogues bias/light/thermal degradation and stack-wide mitigations.
Device stability,Device stability,1,Tang et al.,2024,Reinforcing self-assembly of hole transport molecules for stable inverted perovskite solar cells,Science,10.1126/science.adj9602,511,SAM hole-selective contacts,"Anti-desorption anchoring reinforces SAM self-assembly, suppressing the SAM-detachment failure mode of inverted cells."
Device stability,Device stability,1,Shi et al.,2020,Gas chromatography–mass spectrometry analyses of encapsulated stable perovskite solar cells,Science,10.1126/science.aba2412,488,Encapsulation / lead containment,GC-MS-guided encapsulation controls outgassing for stable operation and limits lead leakage under mechanical damage.
Device stability,Device stability,1,Cheacharoen et al.,2017,Design and understanding of encapsulated perovskite solar cells to withstand temperature cycling,Energy & Environmental Science,10.1039/c7ee02564e,444,Encapsulation,Rationally designed encapsulation lets cells survive IEC 61215 damp-heat and thermal-cycling accelerated aging.
Device stability,Device stability,1,Ma et al.,2021,Development of encapsulation strategies towards the commercialization of perovskite solar cells,Energy & Environmental Science,10.1039/d1ee02882k,382,Encapsulation / commercialization,"Reviews encapsulation-barrier strategies (edge seals, desiccants, barrier films) required to move perovskite cells toward commercial module stability."
Device stability,Device stability,1,Jacobsson et al.,2021,An open-access database and analysis tool for perovskite solar cells based on the FAIR data principles,Nature Energy,10.1038/s41560-021-00941-3,349,Protocols & reporting,Open-access Perovskite Database (>42k devices) enables data-driven meta-analysis of stability trends and exposes reporting inconsistencies.
Device stability,Device stability,1,Aydın et al.,2020,Interplay between temperature and bandgap energies on the outdoor performance of perovskite/silicon tandem solar cells,Nature Energy,10.1038/s41560-020-00687-4,317,Outdoor / field stability,Outdoor field data reveal temperature-bandgap interplay governs real energy yield and degradation of perovskite and tandem devices.
Device stability,Device stability,1,Jiang et al.,2023,Towards linking lab and field lifetimes of perovskite solar cells,Nature,10.1038/s41586-023-06610-7,270,Lab-to-field gap,"Combined accelerated indoor protocols are shown to predict field degradation, beginning to bridge the lab-to-field lifetime gap."
Device stability,Device stability,1,Boyd et al.,2018,Barrier Design to Prevent Metal-Induced Degradation and Improve Thermal Stability in Perovskite Solar Cells,ACS Energy Letters,10.1021/acsenergylett.8b00926,267,Electrode/contact degradation,Inserting a diffusion-barrier interlayer blocks metal-electrode-induced degradation and improves thermal stability.
Device stability,Device stability,1,Thiesbrummel et al.,2024,Ion-induced field screening as a dominant factor in perovskite solar cell operational stability,Nature Energy,10.1038/s41560-024-01487-w,232,Operational mechanism,"Mobile-ion accumulation screens the built-in field under operation — a dominant, partly reversible performance-loss factor distinct from recombination."
Device stability,Device stability,1,López et al.,2026,The long road to outdoor stability: real-world challenges for controlling perovskite materials for solar cells,Chemical Society Reviews,10.1039/d5cs01085c,3,Outdoor stability review,2026 review of real-world outdoor-stability challenges and the persistent gap between accelerated indoor tests and field deployment.
Computational methods,Computational methods,1,Henkelman et al.,2000,A climbing image nudged elastic band method for finding saddle points and minimum energy paths,The Journal of Chemical Physics,10.1063/1.1329672,21370,NEB / migration-barrier methods,Climbing-image NEB locates saddle points and migration barriers; the standard method for computing E_a in solids.
Computational methods,Computational methods,1,Freysoldt et al.,2014,First-principles calculations for point defects in solids,Reviews of Modern Physics,10.1103/revmodphys.86.253,2931,Charged-defect DFT & finite-size corrections,"Authoritative review of first-principles charged-defect formalism: formation energies, chemical potentials, corrections, functional/SOC choices."
Computational methods,Computational methods,1,Yin et al.,2014,Unusual defect physics in CH3NH3PbI3 perovskite solar cell absorber,Applied Physics Letters,10.1063/1.4864778,2667,Charged-defect DFT & finite-size corrections,"Foundational DFT showing MAPbI3 has only shallow, low-formation-energy defects — the origin of perovskite 'defect tolerance'."
Computational methods,Computational methods,1,Batzner et al.,2022,E(3)-equivariant graph neural networks for data-efficient and accurate interatomic potentials,Nature Communications,10.1038/s41467-022-29939-5,1718,MLIP architectures & foundation models,NequIP: E(3)-equivariant GNN achieving DFT accuracy with orders-of-magnitude less training data.
Computational methods,Computational methods,1,Freysoldt et al.,2009,Fully Ab Initio Finite-Size Corrections for Charged-Defect Supercell Calculations,Physical Review Letters,10.1103/physrevlett.102.016402,1564,Charged-defect DFT & finite-size corrections,Introduces the ab initio (FNV) electrostatic correction removing spurious periodic-image interactions for charged defects.
Computational methods,Computational methods,1,Chen et al.,2022,A universal graph deep learning interatomic potential for the periodic table,Nature Computational Science,10.1038/s43588-022-00349-3,881,MLIP architectures & foundation models,"M3GNet universal potential covering the periodic table, enabling relaxation/MD of arbitrary crystals."
Computational methods,Computational methods,1,Deng et al.,2023,CHGNet as a pretrained universal neural network potential for charge-informed atomistic modelling,Nature Machine Intelligence,10.1038/s42256-023-00716-3,801,MLIP architectures & foundation models,CHGNet: charge-informed universal potential encoding magnetic moments/charge states for redox-active MD.
Computational methods,Computational methods,1,Lu et al.,2018,Accelerated discovery of stable lead-free hybrid organic-inorganic perovskites via machine learning,Nature Communications,10.1038/s41467-018-05761-w,721,High-throughput & ML stability screening,ML-accelerated HT screening of hybrid double perovskites for thermodynamic stability and band gap.
Computational methods,Computational methods,1,Kumagai et al.,2014,Electrostatics-based finite-size corrections for first-principles point defect calculations,Physical Review B,10.1103/physrevb.89.195205,505,Charged-defect DFT & finite-size corrections,Kumagai-Oba extension of FNV to anisotropic systems using atomic-site potential alignment — widely used for perovskites.
Computational methods,Computational methods,1,Batatia et al.,2025,A foundation model for atomistic materials chemistry,The Journal of Chemical Physics,10.1063/5.0297006,206,MLIP architectures & foundation models,MACE-MP-0 foundation model: one pretrained MLIP for MD across the periodic table.
Computational methods,Computational methods,1,Riebesell et al.,2025,A framework to evaluate machine learning crystal stability predictions,Nature Machine Intelligence,10.1038/s42256-025-01055-1,121,MLIP benchmarking & systematic softening,Matbench Discovery: community benchmark ranking universal MLIPs on stability prediction; exposes over-stabilization biases.
Computational methods,Computational methods,1,Deng et al.,2025,Systematic softening in universal machine learning interatomic potentials,npj Computational Materials,10.1038/s41524-024-01500-6,120,MLIP benchmarking & systematic softening,Systematic softening: universal MLIPs underestimate forces and energy barriers; fine-tuning/loss reweighting mitigates it.
Computational methods,Computational methods,1,Focassio et al.,2024,Performance Assessment of Universal Machine Learning Interatomic Potentials: Challenges and Directions for Materials’ Surfaces,ACS Applied Materials & Interfaces,10.1021/acsami.4c03815,103,MLIP benchmarking & systematic softening,"Assessment showing universal MLIPs (M3GNet, CHGNet, MACE) reproduce trends but with systematic errors on defect/surface energetics."
Computational methods,Computational methods,1,Cheng,2025,Latent Ewald summation for machine learning of long-range interactions,npj Computational Materials,10.1038/s41524-025-01577-7,72,Long-range electrostatics in MLIPs,Latent Ewald summation captures long-range electrostatics in MLIPs at near-linear cost — critical for charged defects.
Computational methods,Computational methods,1,Pols et al.,2023,How fast do defects migrate in halide perovskites: insights from on-the-fly machine-learned force fields,Chemical Communications,10.1039/d3cc00953j,30,MD / defect migration in perovskites,MLIP-driven MD quantifying how fast vacancies migrate in halide perovskites at finite temperature.
Computational methods,Computational methods,1,Barroso-Luque et al.,2026,The Open Materials 2024 (OMat24) inorganic materials dataset and models,Nature Computational Science,10.1038/s43588-026-00996-w,5,MLIP architectures & foundation models,OMat24: >100M-structure dataset with non-equilibrium/rattled configs improving foundation-model force accuracy.
Computational methods,Computational methods,1,Wang et al.,2026,Multi-fidelity Machine Learning Interatomic Potentials for Charged Point Defects,arXiv preprint,arxiv:2603.05238,0,Long-range electrostatics in MLIPs,Multi-fidelity MLIP scheme injecting charged-defect electrostatics to fix long-range errors for defect migration.
Computational methods,Computational methods,1,Batatia et al.,2022,MACE: Higher Order Equivariant Message Passing Neural Networks for Fast and Accurate Force Fields,arXiv preprint,arxiv:2206.07697,0,MLIP architectures & foundation models,MACE higher-order equivariant message passing — the architecture underlying the perovskite MLIP spine.
Computational methods,Computational methods,1,Bheemaguli et al.,2025,Evaluation of Foundational Machine Learned Interatomic Potentials for Migration Barrier Predictions,Digital Discovery,10.1039/d5dd00534e,0,MLIP benchmarking & systematic softening,"Benchmarks five foundation MLIPs (MACE-MP-0, Orb-v3, SevenNet, CHGNet, M3GNet) coupled to NEB against DFT-NEB migration barriers across battery/ionic-conductor chemistries; MACE-MP-0 and Orb-v3 lowest-error, and barrier accuracy found uncorrelated with geometry accuracy."
