sample,tth,e_tth,area,e_area,fwhm,e_fwhm,eta,e_eta,window_chi2r,at_fwhm_floor,seed_tth,delta_chi2,p_asymptotic,p_bootstrap,p_empirical_floor,effective_dof,detected,seed_offset,detection_unmatched,is_perovskite,phase,d_A
control,12.59446,0.015805,9.475879,3.171953,0.2994,0.04402,0,0.9051069272,1.697383435,False,12.6,75.014632,3.597250407e-16,8.422817623e-14,0.002493765586,2.606379,True,0.00554,False,False,minor,7.02841
control,13.957559,0.004741,54.700856,2.90569,0.220905,0.017747,0.761583,0.1422210398,1.697383435,False,14,686.626568,1.666735179e-148,2.227285815e-102,0.002493765586,2.271371,True,0.042441,False,True,perovskite,6.34493
control,19.850657,0.005437,38.558475,3.725987,0.239754,0.015236,0.161902,0.26007735,1.254946732,False,19.85,487.347011,2.634442984e-105,3.630772883e-105,0.002493765586,2.905764,True,0.000657,False,True,perovskite,4.472613
control,21.150748,0.039064,4.635842,4.935682,0.294396,0.110539,1e-06,2.845358719,1.254946732,False,21.05,12.855537,0.004959662208,0.005302564179,0.007481296758,2.548968,False,0.100748,False,False,not detected,4.200538
control,24.37996,0.008704,17.655464,3.988487,0.206272,0.026065,0,0.6709422968,1.316417891,False,24.4,163.896227,2.643851074e-35,2.65811826e-26,0.002493765586,2.014076,True,0.02004,False,True,perovskite,3.650987
control,26.330776,0.013841,3.446937,1.527115,0.06,0.057476,0.84234,1.161407331,1.002965173,True,26.35,13.324199,0.003985469661,0.004337129603,0.007481296758,2.780104,False,0.019224,False,False,not detected,3.384751
control,28.20736,0.005345,44.965753,4.000964,0.191933,0.020814,0.576672,0.2526951262,0.9354876864,False,28.2,454.293064,3.828913657e-98,2.547999313e-79,0.002493765586,2.195709,True,0.00736,False,True,perovskite,3.163692
control,30.216897,0.025577,38.991288,12.480974,0.539636,0.108027,1,0.4480115144,1.04289974,False,30.25,95.374176,1.534265086e-20,5.329986686e-21,0.002493765586,2.65291,True,0.033103,False,False,minor,2.957718
control,31.676049,0.00443,68.467774,4.942803,0.243689,0.014403,0.296339,0.1965814817,1.04289974,False,31.7,814.823859,2.637855799e-176,4.283572283e-145,0.002493765586,2.204977,True,0.023951,False,True,perovskite,2.824723
control,34.801466,0.008818,24.630083,2.917267,0.158507,0.049117,1,0.4109388509,1.952062122,False,34.8,180.966559,5.454193009e-39,1.543512919e-30,0.002493765586,2.09215,True,0.001466,False,True,perovskite,2.577871
control,40.395204,0.003411,85.546252,3.906954,0.175731,0.015078,0.629843,0.1486019706,0.9016554869,False,40.45,1128.766193,2.09007434e-244,3.574479263e-194,0.002493765586,2.366596,True,0.054796,False,True,perovskite,2.232875
control,42.963772,0.007346,33.513623,3.55474,0.206871,0.033539,0.638918,0.3275337134,1.145587351,False,43,333.920948,4.519019514e-72,4.67209242e-60,0.002493765586,2.60108,True,0.036228,False,True,perovskite,2.105148
passivator-01,12.745963,0.010256,14.180282,2.374254,0.222255,0.034428,0.561,0.4156368439,1.259853189,False,12.668598,132.333084,1.699243726e-28,1.061058659e-23,0.002493765586,2.567117,True,0.077365,False,False,minor,6.945207
passivator-01,14.082358,0.00348,51.457895,2.424028,0.154803,0.01402,0.813652,0.1359536485,1.259853189,False,14.068598,705.947674,1.077334283e-152,1.27498418e-118,0.002493765586,2.363368,True,0.01376,False,True,perovskite,6.288981
passivator-01,19.975822,0.004039,34.449469,2.315323,0.122588,0.023375,0.878807,0.2590660872,0.8764385229,False,19.918598,393.83221,4.798621546e-85,3.178407959e-79,0.002493765586,2.822105,True,0.057224,False,True,perovskite,4.44487
passivator-01,21.329074,0.027406,5.073559,2.670843,0.162402,0.150442,1,1.459264893,0.8764385229,False,21.118598,12.353922,0.006264075528,0.01006098971,0.007481296758,2.507448,False,0.210476,False,False,not detected,4.16582
passivator-01,24.480767,0.007931,20.237117,2.82695,0.140171,0.04694,0.905795,0.5033297996,0.8270284606,False,24.468598,149.604555,3.206789181e-32,5.179324964e-30,0.002493765586,2.484444,True,0.012169,False,True,perovskite,3.636181
passivator-01,26.207281,0.085805,1.951072,5.144031,0.256502,0.255504,1.3e-05,7.381572419,1.080627635,False,26.418598,1.882182,0.5972164909,0.5582506692,0.5211970075,2.573241,False,0.211317,False,False,not detected,3.40042
passivator-01,28.302867,0.00519,50.402785,3.523055,0.158562,0.029969,0.999937,0.2511483702,1.868189903,False,28.268598,466.91688,7.043276466e-101,3.667343992e-90,0.002493765586,2.594261,True,0.034269,False,True,perovskite,3.153233
passivator-01,30.277715,0.0186,25.728273,7.27561,0.372182,0.068521,0.706308,0.5824039146,1.174002017,False,30.318598,107.635551,3.541074567e-23,6.225114117e-20,0.002493765586,2.39574,True,0.040883,False,False,minor,2.951916
passivator-01,31.774087,0.003918,59.472414,3.77709,0.171472,0.016292,0.577004,0.1912420077,1.174002017,False,31.768598,693.213181,6.218262343e-150,1.708559335e-137,0.002493765586,2.578489,True,0.005489,False,True,perovskite,2.816231
passivator-01,34.897036,0.008448,31.218986,3.408727,0.187369,0.052069,1,0.3840208115,2.943418732,False,34.868598,239.03854,1.536102205e-51,9.40151695e-45,0.002493765586,2.500696,True,0.028438,False,True,perovskite,2.57103
passivator-01,40.486799,0.00316,81.002775,3.857448,0.176735,0.012398,0.416865,0.1455416305,1.357010471,False,40.518598,1155.045279,4.156421495e-250,5.419645671e-209,0.002493765586,2.465504,True,0.031799,False,True,perovskite,2.228035
passivator-01,43.060035,0.005745,28.271565,2.379556,0.129371,0.022803,0.815588,0.2615184193,1.031027545,False,43.068598,299.754839,1.12416113e-64,1.242617582e-55,0.002493765586,2.305579,True,0.008563,False,True,perovskite,2.100665
passivator-02,12.806604,0.018356,11.027594,3.153881,0.322873,0.058154,0.467459,0.6675924349,1.123077322,False,12.737359,77.465934,1.072712258e-16,4.811457501e-15,0.002493765586,2.932277,True,0.069244,False,False,minor,6.912456
passivator-02,14.141388,0.006352,42.730494,4.1451,0.337443,0.016539,0.094585,0.2516614244,1.123077322,False,14.137359,602.788635,2.505257272e-130,4.088374201e-92,0.002493765586,2.397955,True,0.004028,False,True,perovskite,6.262861
passivator-02,20.051357,0.008335,32.77871,4.553048,0.271113,0.029323,0.621639,0.3020550234,0.9606481556,False,19.987359,305.30246,7.08164289e-66,6.314750297e-48,0.002493765586,2.113446,True,0.063997,False,True,perovskite,4.428296
passivator-02,21.444018,0.078327,9.347339,21.564795,0.658751,0.290245,0,4.271559056,0.9606481556,False,21.187359,13.054642,0.004519917634,0.008643738232,0.007481296758,2.523646,False,0.256659,False,False,not detected,4.14375
passivator-02,24.565569,0.013381,18.2482,5.946297,0.302653,0.037815,0,0.8895090013,1.062308874,False,24.537359,138.844787,6.707137623e-30,7.302636351e-29,0.002493765586,2.657198,True,0.02821,False,True,perovskite,3.62382
passivator-02,26.837359,7402.017112,0.001,199.457653,1.2,82458.37626,1,139190.2301,1.210924671,False,26.487359,-1.2e-05,1,1,1,2.267851,False,0.35,False,False,not detected,3.322
passivator-02,28.395099,0.007269,40.017831,6.613895,0.298716,0.020539,0,0.4561935056,1.025924088,False,28.337359,434.98542,5.83832868e-94,3.147293731e-79,0.002493765586,2.365841,True,0.05774,False,True,perovskite,3.143201
passivator-02,30.338965,0.025791,26.569251,9.227568,0.430115,0.11466,1,0.5498432294,1.387968685,False,30.387359,77.310653,1.158182616e-16,2.668355127e-14,0.002493765586,2.355605,True,0.048394,False,False,minor,2.946096
passivator-02,31.859884,0.005102,47.989902,5.096734,0.245473,0.015047,0,0.3031748863,1.387968685,False,31.837359,599.792088,1.118061114e-129,2.064595991e-107,0.002493765586,2.35778,True,0.022525,False,True,perovskite,2.808843
passivator-02,35.033821,0.013197,32.968277,10.381681,0.433735,0.037483,0.108902,0.7584334606,2.331860314,False,34.937359,283.027494,4.685343422e-61,1.42785277e-50,0.002493765586,2.262933,True,0.096462,False,True,perovskite,2.561304
passivator-02,40.571514,0.004183,73.417236,4.417131,0.220634,0.015993,0.468559,0.1739033294,0.8852840955,False,40.587359,954.537742,1.309344223e-206,2.651554384e-188,0.002493765586,2.535092,True,0.015846,False,True,perovskite,2.223578
passivator-02,43.132975,0.00915,26.383968,4.392665,0.252872,0.035019,0.34842,0.470622414,1.062690827,False,43.137359,260.445318,3.601423553e-56,3.768659825e-51,0.002493765586,2.65581,True,0.004385,False,True,perovskite,2.097281
passivator-03,13.031458,0.04289,4.286128,2.533633,0.294923,0.188136,1,1.152636978,1.466087526,False,12.950159,11.018716,0.01162509778,0.01898041004,0.01246882793,2.724238,False,0.081299,False,False,not detected,6.793685
passivator-03,14.363835,0.00802,43.887762,5.249435,0.450821,0.020378,0,0.3044773963,1.466087526,False,14.350159,651.938563,5.534111595e-141,1.661063086e-92,0.002493765586,2.477778,True,0.013676,False,True,perovskite,6.166368
passivator-03,20.265119,0.014254,28.286567,6.181874,0.398094,0.049895,0.63945,0.4171845171,1.341886112,False,20.200159,190.442424,4.898213336e-41,9.940285661e-35,0.002493765586,2.592741,True,0.06496,False,True,perovskite,4.382066
passivator-03,21.750159,0.070445,10.330639,18.759872,0.52253,0.362554,1,1.675172315,1.341886112,False,21.400159,6.471457,0.09079497813,0.09308533063,0.0897755611,2.781207,False,0.35,False,False,not detected,4.086112
passivator-03,24.786192,0.025664,11.44568,7.686977,0.387894,0.071392,0,1.712422376,1.003169478,False,24.750159,59.177448,8.809677022e-13,1.787178699e-10,0.002493765586,2.287048,True,0.036033,False,True,perovskite,3.592063
passivator-03,26.855046,0.037419,1.350235,1.330021,0.06,0.064973,0.598959,3.48971976,1.728011503,True,26.700159,2.602361,0.4570758262,0.4174003133,0.391521197,2.527052,False,0.154887,False,False,not detected,3.319852
passivator-03,28.621718,0.008194,44.581743,7.894447,0.372888,0.022297,0,0.4654045155,0.9870071962,False,28.550159,509.801,3.585990471e-110,4.46245495e-82,0.002493765586,2.173446,True,0.071559,False,True,perovskite,3.118827
passivator-03,30.5348,0.032489,32.068681,18.400705,0.696451,0.113823,0.573528,0.8784949998,0.932164666,False,30.600159,104.819638,1.428735153e-22,2.162642602e-19,0.002493765586,2.304066,True,0.065359,False,False,minor,2.927646
passivator-03,32.073148,0.010431,27.856894,5.457712,0.308381,0.033852,0.33721,0.4861369316,0.932164666,False,32.050159,229.048519,2.220923485e-49,4.823085969e-41,0.002493765586,2.372093,True,0.022989,False,True,perovskite,2.790651
passivator-03,35.29706,0.012471,40.760375,13.059999,0.501956,0.033079,0,0.7667382384,1.18519667,False,35.150159,375.890674,3.689766847e-81,8.272591748e-74,0.002493765586,2.500383,True,0.146901,False,True,perovskite,2.542804
passivator-03,40.803888,0.006949,52.10569,6.056938,0.333823,0.022144,0.259514,0.302929539,1.078337046,False,40.800159,621.578513,2.11507543e-134,9.757993691e-113,0.002493765586,2.46474,True,0.003729,False,True,perovskite,2.21145
passivator-03,43.376373,0.013516,18.355451,3.022139,0.211029,0.085054,1,0.5468478838,1.079555861,False,43.350159,125.62813,4.732583119e-27,5.817039168e-22,0.002493765586,2.318753,True,0.026214,False,True,perovskite,2.086075
passivator-04,12.70411,0.046808,12.941242,7.302584,0.579291,0.193451,1,0.7849872642,1.267384038,False,12.627379,23.212775,3.646204005e-05,0.0001173881877,0.002493765586,2.756332,True,0.07673,False,False,minor,6.967993
passivator-04,14.053899,0.007105,49.787725,4.535485,0.357687,0.02101,0.405248,0.2186931407,1.267384038,False,14.027379,593.022596,3.280844854e-128,1.31153417e-97,0.002493765586,2.475364,True,0.02652,False,True,perovskite,6.301652
passivator-04,19.948729,0.009085,34.913702,4.118059,0.282127,0.033504,0.743292,0.2717787893,0.9548977034,False,19.877379,309.509277,8.701371098e-67,9.378290654e-67,0.002493765586,2.811171,True,0.071349,False,True,perovskite,4.450846
passivator-04,21.270284,0.07542,4.518021,10.037364,0.46028,0.210342,0,5.081976397,0.9548977034,False,21.077379,3.861749,0.2767849096,0.2812891427,0.2743142145,2.472877,False,0.192905,False,False,not detected,4.177201
passivator-04,24.470995,0.015194,16.078552,6.278513,0.303079,0.044033,0,1.056499782,0.786682079,False,24.427379,103.66749,2.528029413e-22,2.858104107e-17,0.002493765586,2.176058,True,0.043616,False,True,perovskite,3.637611
passivator-04,26.410944,0.063993,1.147666,2.735933,0.13657,0.231952,0,7.790665547,0.7759091647,False,26.377379,1.738412,0.6284280288,0.5755356865,0.5586034913,2.458364,False,0.033565,False,False,not detected,3.374659
passivator-04,28.302974,0.008211,57.996509,6.744987,0.306777,0.032304,0.785741,0.2545572022,0.888712006,False,28.227379,436.16598,3.239806347e-94,9.860730712e-77,0.002493765586,2.390697,True,0.075595,False,True,perovskite,3.153222
passivator-04,30.241481,0.021867,21.606664,10.662775,0.476897,0.060456,0,1.218525662,0.8444503793,False,30.277379,107.766304,3.318955195e-23,1.253826598e-20,0.002493765586,2.54934,True,0.035899,False,False,minor,2.95537
passivator-04,31.756224,0.006755,58.521324,6.838046,0.330932,0.020777,0.274112,0.2933087005,0.8444503793,False,31.727379,625.47823,3.019026914e-135,4.111813369e-114,0.002493765586,2.288228,True,0.028845,False,True,perovskite,2.817775
passivator-04,34.93847,0.014344,38.947242,14.772589,0.516592,0.037596,0,0.8950813189,1.002618133,False,34.827379,327.527131,1.09463889e-70,1.796796788e-58,0.002493765586,2.365377,True,0.11109,False,True,perovskite,2.568076
passivator-04,40.468195,0.005285,70.669137,5.654014,0.283013,0.018641,0.401551,0.2130800365,1.091825103,False,40.477379,851.961626,2.325640321e-184,1.834676614e-158,0.002493765586,2.476207,True,0.009185,False,True,perovskite,2.229016
passivator-04,43.034419,0.015561,22.551323,7.435454,0.377165,0.049797,0.237404,0.811045716,1.267404733,False,43.027379,162.983957,4.160413947e-35,1.863785993e-29,0.002493765586,2.46161,True,0.00704,False,True,perovskite,2.101856
passivator-05,12.651918,0.008719,41.972393,3.536917,0.294955,0.03719,1,0.1907787445,1.671806891,False,12.63973,344.553279,2.254391244e-74,1.64840366e-65,0.002493765586,2.645736,True,0.012189,False,False,minor,6.99662
passivator-05,14.015918,0.003343,44.20993,2.322047,0.143828,0.011808,0.669476,0.1471615932,1.671806891,False,14.03973,592.539496,4.175544488e-128,4.003279852e-102,0.002493765586,2.418212,True,0.023812,False,True,perovskite,6.318643
passivator-05,19.905733,0.004535,31.432077,2.572929,0.148374,0.016621,0.593299,0.2336638569,1.347169987,False,19.88973,375.846664,3.771640551e-81,2.125768581e-72,0.002493765586,2.611929,True,0.016003,False,True,perovskite,4.460362
passivator-05,21.387826,0.041565,2.558554,3.943024,0.205971,0.123896,0,4.280670297,1.347169987,False,21.08973,7.051892,0.07026207234,0.07487594894,0.04488778055,2.461318,False,0.298097,False,False,not detected,4.154509
passivator-05,24.428751,0.007351,15.691507,3.195105,0.154217,0.023867,0.098238,0.6258048398,0.3585919452,False,24.43973,144.164772,4.779350805e-31,3.933364167e-32,0.002493765586,3.070132,True,0.010979,False,True,perovskite,3.643805
passivator-05,26.553286,0.066124,1.329265,3.199759,0.155258,0.226647,4e-06,7.547952321,0.8545924439,False,26.38973,1.900166,0.5933839389,0.5299175331,0.4962593516,2.360721,False,0.163557,False,False,not detected,3.356891
passivator-05,28.25213,0.004986,41.33182,3.826721,0.173038,0.019053,0.514022,0.2716828176,0.918827915,False,28.23973,433.428912,1.26912723e-93,1.757617359e-83,0.002493765586,2.503443,True,0.0124,False,True,perovskite,3.158781
passivator-05,30.239012,0.017691,23.309415,6.569521,0.352828,0.062429,0.6367,0.6084990728,0.7250217547,False,30.28973,107.786955,3.285170483e-23,1.876384335e-22,0.002493765586,2.765699,True,0.050717,False,False,minor,2.955606
passivator-05,31.711669,0.003574,75.883029,3.777302,0.167123,0.016988,0.748592,0.1616219863,0.7250217547,False,31.73973,902.986263,1.991980544e-195,4.560327996e-155,0.002493765586,2.194422,True,0.02806,False,True,perovskite,2.821632
passivator-05,34.840257,0.007786,40.466932,3.847808,0.211454,0.04727,1,0.3115025738,2.319328827,False,34.83973,321.322965,2.411908782e-69,7.127438714e-62,0.002493765586,2.608078,True,0.000528,False,True,perovskite,2.575089
passivator-05,40.429063,0.003403,57.921402,3.568863,0.164967,0.012246,0.190433,0.1905961688,1.251412236,False,40.48973,849.820428,6.775673785e-184,4.397464398e-155,0.002493765586,2.346077,True,0.060667,False,True,perovskite,2.231083
passivator-05,42.990337,0.006623,29.173538,3.180815,0.176642,0.0288,0.541392,0.3434786527,0.9432284189,False,43.03973,313.164565,1.40729593e-67,1.178809045e-53,0.002493765586,2.130982,True,0.049392,False,True,perovskite,2.103909
